{"name":"Navigate to Choose your Industry and check if buttons are visible and clickable","id":"basic-test-for-homepage;navigate-to-choose-your-industry-and-check-if-buttons-are-visible-and-clickable","scenarioId":"file:///Users/raunakbagri/Desktop/testingTask/src/test/java/tests/BasicTest:Navigate to Choose your Industry and check if buttons are visible and clickable","methodName":"Navigate to Choose your Industry and check if buttons are visible and clickable","testSteps":[{"number":1,"description":"Given I navigate to the web page","duration":12274,"startTime":"2024-04-04T11:35:57.536061+05:30[Asia/Kolkata]","result":"SUCCESS","precondition":false,"level":0},{"number":2,"description":"Then I click the \"Choose Your Industry\" tab","duration":398,"startTime":"2024-04-04T11:36:09.811840+05:30[Asia/Kolkata]","result":"SUCCESS","precondition":false,"level":0},{"number":3,"description":"And I click the \"Financial Services \" tab option","duration":299,"startTime":"2024-04-04T11:36:10.211285+05:30[Asia/Kolkata]","result":"SUCCESS","precondition":false,"level":0},{"number":4,"description":"Then I check \"Financial Crime Compliance\" tab content is present and clickable","duration":146,"startTime":"2024-04-04T11:36:10.512474+05:30[Asia/Kolkata]","result":"SUCCESS","precondition":false,"level":0},{"number":5,"description":"And I check \"Fraud and Identity Management\" tab content is present and clickable","duration":36,"startTime":"2024-04-04T11:36:10.659975+05:30[Asia/Kolkata]","result":"SUCCESS","precondition":false,"level":0},{"number":6,"description":"And I check \"Customer Data Management\" tab content is present and clickable","duration":32,"startTime":"2024-04-04T11:36:10.696641+05:30[Asia/Kolkata]","result":"SUCCESS","precondition":false,"level":0},{"number":7,"description":"And I check \"Credit Risk Assessment\" tab content is present and clickable","duration":34,"startTime":"2024-04-04T11:36:10.729882+05:30[Asia/Kolkata]","result":"SUCCESS","precondition":false,"level":0},{"number":8,"description":"And I check \"Collections and Recovery\" tab content is present and clickable","duration":31,"startTime":"2024-04-04T11:36:10.764672+05:30[Asia/Kolkata]","result":"SUCCESS","precondition":false,"level":0},{"number":9,"description":"And I check \"Risk Orchestration\" tab content is present and clickable","duration":34,"startTime":"2024-04-04T11:36:10.797386+05:30[Asia/Kolkata]","result":"SUCCESS","precondition":false,"level":0},{"number":10,"description":"And I check \"Investigations and Due Diligence\" tab content is present and clickable","duration":49,"startTime":"2024-04-04T11:36:10.832762+05:30[Asia/Kolkata]","result":"SUCCESS","precondition":false,"level":0}],"userStory":{"id":"file:///Users/raunakbagri/Desktop/testingTask/src/test/java/tests/BasicTest","storyName":"Basic Test for homepage","displayName":"Basic Test for homepage","path":"file:///Users/raunakbagri/Desktop/testingTask/src/test/java/tests/BasicTest","pathElements":[{"name":"file:","description":""},{"name":"Users","description":""},{"name":"raunakbagri","description":""},{"name":"Desktop","description":""},{"name":"testingTask","description":""},{"name":"src","description":""},{"name":"test","description":""},{"name":"java","description":""},{"name":"tests","description":""},{"name":"BasicTest","description":""}],"type":"feature"},"title":"Navigate to Choose your Industry and check if buttons are visible and clickable","description":"","tags":[{"name":"BasicTest","type":"tag","displayName":"BasicTest"}],"startTime":"2024-04-04T11:35:57.532689+05:30[Asia/Kolkata]","duration":12277,"projectKey":"","isManualTestingUpToDate":false,"manual":false,"testSource":"Cucumber","order":0,"result":"SUCCESS"}