{"name":"Navigate to homepage and check if buttons are visible and clickable","id":"basic-test-for-homepage;navigate-to-homepage-and-check-if-buttons-are-visible-and-clickable","scenarioId":"file:///Users/raunakbagri/Desktop/testingTask/src/test/java/tests/BasicTest:Navigate to homepage and check if buttons are visible and clickable","methodName":"Navigate to homepage and check if buttons are visible and clickable","testSteps":[{"number":1,"description":"Given I navigate to the web page","duration":14578,"startTime":"2024-04-04T11:35:42.646487+05:30[Asia/Kolkata]","result":"SUCCESS","precondition":false,"level":0},{"number":2,"description":"Then I check \"Financial Services\" button is present and clickable","duration":144,"startTime":"2024-04-04T11:35:57.228614+05:30[Asia/Kolkata]","result":"SUCCESS","precondition":false,"level":0},{"number":3,"description":"And I check \"Insurance\" button is present and clickable","duration":50,"startTime":"2024-04-04T11:35:57.373688+05:30[Asia/Kolkata]","result":"SUCCESS","precondition":false,"level":0},{"number":4,"description":"And I check \"Life and Pensions\" button is present and clickable","duration":41,"startTime":"2024-04-04T11:35:57.425320+05:30[Asia/Kolkata]","result":"SUCCESS","precondition":false,"level":0},{"number":5,"description":"And I check \"Corporations and Non-Profits\" button is present and clickable","duration":38,"startTime":"2024-04-04T11:35:57.466798+05:30[Asia/Kolkata]","result":"SUCCESS","precondition":false,"level":0}],"userStory":{"id":"file:///Users/raunakbagri/Desktop/testingTask/src/test/java/tests/BasicTest","storyName":"Basic Test for homepage","displayName":"Basic Test for homepage","path":"file:///Users/raunakbagri/Desktop/testingTask/src/test/java/tests/BasicTest","pathElements":[{"name":"file:","description":""},{"name":"Users","description":""},{"name":"raunakbagri","description":""},{"name":"Desktop","description":""},{"name":"testingTask","description":""},{"name":"src","description":""},{"name":"test","description":""},{"name":"java","description":""},{"name":"tests","description":""},{"name":"BasicTest","description":""}],"type":"feature"},"title":"Navigate to homepage and check if buttons are visible and clickable","description":"","tags":[{"name":"BasicTest","type":"tag","displayName":"BasicTest"}],"startTime":"2024-04-04T11:35:42.637124+05:30[Asia/Kolkata]","duration":14586,"projectKey":"","isManualTestingUpToDate":false,"manual":false,"testSource":"Cucumber","order":0,"result":"SUCCESS"}